{"cameraMode":{"drawMode":0,"name":"Shaded","section":"Shading Mode"},"sceneLighting":false,"audioPlay":false,"sceneViewState":{"m_AlwaysRefresh":false,"showFog":true,"showSkybox":false,"showFlares":true,"showImageEffects":true,"showParticleSystems":true,"showVisualEffectGraphs":true,"m_FxEnabled":true},"in2DMode":false,"pivot":{"x":-0.048258304595947269,"y":1.3000056743621827,"z":0.9825787544250488},"rotation":{"x":-0.24937838315963746,"y":-0.20948179066181184,"z":0.055353667587041858,"w":-0.9438628554344177},"size":12.12435531616211,"orthographic":false}